;Name;Filename;Albumpage;PhotoID;FaceID
0;0;01_3_0.png;01;3;0
1;0;02_0_0.png;02;0;0
2;0;02_2_2.png;02;2;2
3;1;02_1_0.png;02;1;0
4;1;02_2_0.png;02;2;0
5;2;06_0_0.png;06;0;0
6;2;06_1_0.png;06;1;0
7;3;08_1_0.png;08;1;0
8;3;08_2_1.png;08;2;1
9;4;08_1_1.png;08;1;1
10;4;08_2_0.png;08;2;0
11;5;08_1_2.png;08;1;2
12;5;08_2_2.png;08;2;2
13;6;11a_1_0.png;11a;1;0
14;6;11_1_0.png;11;1;0
15;7;11a_2_0.png;11a;2;0
16;7;11a_3_1.png;11a;3;1
17;7;11_2_2.png;11;2;2
18;7;11_3_0.png;11;3;0
19;8;11a_2_1.png;11a;2;1
20;8;11_3_1.png;11;3;1
21;9;11a_3_0.png;11a;3;0
22;9;11_2_0.png;11;2;0
23;10;11a_3_2.png;11a;3;2
24;10;11_2_1.png;11;2;1
25;11;11a_3_3.png;11a;3;3
26;11;11_2_3.png;11;2;3
27;12;14_1_0.png;14;1;0
28;12;20_0_0.png;20;0;0
29;13;18_1_0.png;18;1;0
30;13;24_3_0.png;24;3;0
31;13;31_1_0.png;31;1;0
32;13;40_0_0.png;40;0;0
33;13;42_2_3.png;42;2;3
34;13;45_3_0.png;45;3;0
35;13;45_3_10.png;45;3;10
36;13;45_3_11.png;45;3;11
37;13;45_3_12.png;45;3;12
38;13;45_3_13.png;45;3;13
39;13;45_3_15.png;45;3;15
40;13;45_3_3.png;45;3;3
41;13;45_3_4.png;45;3;4
42;13;45_3_5.png;45;3;5
43;13;45_3_6.png;45;3;6
44;13;45_3_9.png;45;3;9
45;14;22_2_0.png;22;2;0
46;14;22_2_3.png;22;2;3
47;15;30_0_3.png;30;0;3
48;15;30_2_3.png;30;2;3
49;16;34_3_0.png;34;3;0
50;16;36_3_0.png;36;3;0
51;17;38_1_0.png;38;1;0
52;17;38_2_1.png;38;2;1
53;18;42_0_3.png;42;0;3
54;18;44_2_1.png;44;2;1
55;19;45_1_0.png;45;1;0
56;19;45_3_8.png;45;3;8
57;20;45_2_0.png;45;2;0
58;20;45_3_16.png;45;3;16
59;21;47_2_0.png;47;2;0
60;21;47_3_0.png;47;3;0
61;22;47_2_2.png;47;2;2
62;22;47_3_3.png;47;3;3
